soc,title,task_id,task,importance,K,I,P,A,C,T,R,rationale
15-1252.00,Software Developers,21661,"Analyze information to determine, recommend, and plan installation of a new system or modification of an existing system.",,20,45,15,0,5,10,5,"This task is dominated by Interpretation—synthesizing requirements, constraints, and technical options to form a coherent system recommendation—supported by Knowledge of systems architecture and Process control over the analysis-to-recommendation workflow, with modest Technical skill in evaluating implementation feasibility."
15-1252.00,Software Developers,21662,Analyze user needs and software requirements to determine feasibility of design within time and cost constraints.,,20,55,10,0,5,5,5,"This task is dominated by Interpretation—synthesizing ambiguous user needs, software requirements, and constraints into a feasibility judgment—supported by domain Knowledge about software design and technology trade-offs, with minor contributions from Process (structuring the analysis workflow), Credential (signaling competence), Technical (understanding implementation realities), and Relational (accountability for the assessment)."
15-1252.00,Software Developers,21663,Confer with data processing or project managers to obtain information on limitations or capabilities for data processing projects.,,15,35,10,20,5,5,10,"This conferral task centers on synthesizing and interpreting technical constraints from stakeholders (I), leveraging domain knowledge to ask the right questions (K), and accessing information gatekept by project managers (A), with modest relational and process components for navigating organizational workflow."
15-1252.00,Software Developers,21664,"Confer with systems analysts, engineers, programmers and others to design systems and to obtain information on project limitations and capabilities, performance requirements and interfaces.",,15,45,20,5,5,5,5,"This conferencing/design task is dominated by Interpretation (synthesizing constraints, requirements, and interfaces from multiple stakeholders into coherent system design decisions) and Process (structuring and gatekeeping the design workflow), with Knowledge supporting the technical vocabulary needed to evaluate tradeoffs."
15-1252.00,Software Developers,21665,"Consult with customers or other departments on project status, proposals, or technical issues, such as software system design or maintenance.",,20,30,10,5,5,10,20,"Consulting on project status and technical issues is dominated by Interpretation (synthesizing technical complexity into actionable guidance), Knowledge (domain expertise the client lacks), and Relational (sustained stakeholder trust and accountability), with modest Process and Technical contributions for framing workflows and communicating implementation realities."
15-1252.00,Software Developers,21666,Coordinate installation of software system.,,10,15,45,5,5,15,5,"Coordinating a software installation is predominantly a process-control task—sequencing steps, managing dependencies, and orchestrating stakeholders—with secondary technical execution (running installers, configuring environments) and interpretation (resolving conflicts, adapting to environment specifics)."
15-1252.00,Software Developers,21667,"Design, develop and modify software systems, using scientific analysis and mathematical models to predict and measure outcomes and consequences of design.",,15,25,10,0,5,40,5,"This task centers on hands-on coding and system construction (T), with significant interpretation effort in translating scientific/mathematical models and requirements into design specifications (I), supported by domain knowledge of algorithms and systems (K), and minor process control over the design-develop-modify lifecycle (P)."
15-1252.00,Software Developers,21668,Determine system performance standards.,,30,45,10,0,5,5,5,"Determining system performance standards is primarily an interpretive task—synthesizing business requirements, system constraints, and technical tradeoffs into concrete benchmarks—grounded in domain knowledge about performance metrics, latency, throughput, and scalability patterns."
15-1252.00,Software Developers,21669,"Develop or direct software system testing or validation procedures, programming, or documentation.",,10,20,35,0,5,25,5,"This task centers on controlling the testing/validation workflow (P) and hands-on technical execution of test procedures and documentation (T), with meaningful interpretation in translating requirements into test plans (I), and minor contributions from domain knowledge, credentials, and accountability."
15-1252.00,Software Developers,21670,"Modify existing software to correct errors, adapt it to new hardware, or upgrade interfaces and improve performance.",,15,25,10,0,5,40,5,"Modifying existing software is dominated by hands-on debugging and coding (Technical), with significant interpretive judgment in diagnosing errors and translating requirements into fixes (Interpretation), supported by domain knowledge of the codebase and languages (Knowledge), and minor process/relational overhead."
15-1252.00,Software Developers,21671,Monitor functioning of equipment to ensure system operates in conformance with specifications.,,15,20,30,5,5,20,5,"Monitoring equipment conformance is primarily a process-control activity (watching pipelines, logs, alerts) requiring technical skill to interpret system outputs and diagnose anomalies, plus domain knowledge of what constitutes correct behavior against specs."
15-1252.00,Software Developers,21672,"Obtain and evaluate information on factors such as reporting formats required, costs, or security needs to determine hardware configuration.",,25,45,15,5,5,5,0,"This task is dominated by Interpretation (synthesizing reporting formats, costs, and security needs into a hardware configuration decision) backed by Knowledge of hardware/software constraints, with modest Process involvement in structuring the evaluation workflow."
15-1252.00,Software Developers,21673,"Prepare reports or correspondence concerning project specifications, activities, or status.",,10,35,25,5,5,10,10,"Preparing project reports and correspondence is primarily about synthesizing and interpreting project status into coherent communication (I), controlling the documentation workflow and structure (P), with moderate technical skill in articulating specifications clearly (T) and some relational accountability to stakeholders (R)."
15-1252.00,Software Developers,21674,"Recommend purchase of equipment to control dust, temperature, or humidity in area of system installation.",,45,35,5,5,5,5,0,"This task is primarily about applying domain knowledge of environmental conditions affecting hardware (dust, temperature, humidity) and interpreting site-specific requirements to synthesize an appropriate equipment recommendation."
15-1252.00,Software Developers,21675,Specify power supply requirements and configuration.,,45,35,5,5,5,5,0,"Specifying power supply requirements and configuration is dominated by domain knowledge (hardware specs, voltage/current tolerances, standards) and interpretive judgment (translating system requirements into precise power specifications), with minor contributions from other channels."
15-1252.00,Software Developers,21676,"Store, retrieve, and manipulate data for analysis of system capabilities and requirements.",,15,25,15,0,5,35,5,"This task centers on the technical execution of data storage/retrieval/manipulation (writing queries, scripts, or code) combined with interpretation of system capabilities and requirements to determine what data to capture and how to analyze it, with secondary process and knowledge components."
15-1252.00,Software Developers,21677,"Supervise and assign work to programmers, designers, technologists, technicians, or other engineering or scientific personnel.",,10,15,45,5,5,5,15,"Supervising and assigning work to technical staff is primarily about controlling and coordinating the workflow (task allocation, sequencing, oversight), with meaningful relational accountability for team outcomes and some interpretive judgment in matching tasks to personnel capabilities."
15-1252.00,Software Developers,21678,"Supervise the work of programmers, technologists and technicians and other engineering and scientific personnel.",,10,15,35,5,10,5,20,"Supervising programmers and technical personnel is primarily about controlling workflow and approval processes (P), maintaining accountability and trusted relationships with team members and stakeholders (R), with meaningful credential signaling (C) and interpretive judgment in assigning and evaluating work (I)."
15-1252.00,Software Developers,21679,Train users to use new or modified equipment.,,45,15,20,5,5,5,5,"Training users on new/modified equipment primarily draws on Knowledge (explaining how the system works), Process (structuring the training workflow and curriculum delivery), and Interpretation (adapting explanations to user needs), with minor contributions from other channels."
15-1253.00,Software Quality Assurance Analysts and Testers,14642,"Identify, analyze, and document problems with program function, output, online screen, or content.",4.7,15,35,15,0,5,25,5,"This task centers on interpreting expected vs. actual program behavior and synthesizing findings into actionable documentation, with significant technical skill in executing tests and reproducing bugs, backed by domain knowledge of software behavior and quality standards."
15-1253.00,Software Quality Assurance Analysts and Testers,14641,"Document software defects, using a bug tracking system, and report defects to software developers.",4.68,10,25,35,5,5,15,5,"This task centers on controlling the defect-tracking workflow (P) and synthesizing observations into clear, reproducible bug reports (I), with moderate technical skill in using tracking systems and reproducing defects (T), and minor domain knowledge of what constitutes a defect (K)."
15-1253.00,Software Quality Assurance Analysts and Testers,14640,"Develop testing programs that address areas such as database impacts, software scenarios, regression testing, negative testing, error or bug retests, or usability.",4.52,15,25,20,0,5,30,5,"Developing testing programs requires translating requirements into test specifications (Interpretation), hands-on construction of test scripts and frameworks (Technical), knowledge of testing methodologies like regression and negative testing (Knowledge), and structuring the overall test workflow (Process)."
15-1253.00,Software Quality Assurance Analysts and Testers,14638,"Design test plans, scenarios, scripts, or procedures.",4.35,15,35,30,0,5,15,0,"Designing test plans and scripts requires heavy interpretation (translating requirements into test coverage logic) and process control (structuring workflows, coverage strategies, gating criteria), with moderate technical skill in scripting and domain knowledge of testing methodologies."
15-1253.00,Software Quality Assurance Analysts and Testers,14648,Document test procedures to ensure replicability and compliance with standards.,4.3,15,20,35,0,10,15,5,"Documenting test procedures is primarily about controlling and formalizing a workflow (Process), with meaningful contributions from synthesizing requirements into replicable steps (Interpretation), applied QA knowledge (Knowledge), and the hands-on writing of structured procedural documentation (Technical)."
15-1253.00,Software Quality Assurance Analysts and Testers,14653,Provide feedback and recommendations to developers on software usability and functionality.,4.27,20,45,10,5,5,10,5,"Providing feedback and recommendations on usability and functionality is dominated by Interpretation—synthesizing test findings, user experience observations, and product requirements into actionable, prioritized guidance—supported by Knowledge of QA standards and software behavior, and modest Technical skill in identifying root causes."
15-1253.00,Software Quality Assurance Analysts and Testers,14652,"Install, maintain, or use software testing programs.",4.26,10,5,20,0,5,55,5,"Installing, maintaining, and using software testing programs is primarily a hands-on technical execution task (setting up tools, configuring environments, running tests) with meaningful process control over the testing workflow, and modest knowledge of testing frameworks."
15-1253.00,Software Quality Assurance Analysts and Testers,14639,Test system modifications to prepare for implementation.,4.21,10,20,25,0,5,35,5,"Testing system modifications is primarily a hands-on technical execution task (writing/running test cases, debugging) with significant process control (managing the test workflow and release gates) and interpretation (translating modification specs into test scenarios), while other channels play minor supporting roles."
15-1253.00,Software Quality Assurance Analysts and Testers,14644,Create or maintain databases of known test defects.,4.15,10,15,35,5,5,25,5,"Creating and maintaining defect databases is primarily a workflow/process control task (organizing, categorizing, and managing defect records) with significant technical execution (database setup, querying, data entry tooling) and moderate interpretation (classifying and reconciling defect information)."
15-1253.00,Software Quality Assurance Analysts and Testers,14649,"Develop or specify standards, methods, or procedures to determine product quality or release readiness.",4.12,20,35,30,0,5,8,2,"Developing QA standards and release-readiness procedures is primarily an interpretive act (translating ambiguous product requirements into concrete criteria) and a process-control act (defining the workflow and approval gates), grounded in domain knowledge of testing methodologies."
15-1253.00,Software Quality Assurance Analysts and Testers,14643,Monitor bug resolution efforts and track successes.,4.12,10,20,45,5,5,10,5,"Monitoring and tracking bug resolution is primarily a workflow-control activity (managing queues, statuses, gates) with significant interpretive judgment about prioritization and progress, plus some technical knowledge of bug systems and root causes."
15-1253.00,Software Quality Assurance Analysts and Testers,14650,Update automated test scripts to ensure currency.,4.09,10,20,15,0,0,50,5,"Updating automated test scripts is primarily a hands-on technical coding task (modifying scripts to reflect current system behavior), with meaningful interpretation involved in understanding what changes in the application require script updates, and some process awareness of how tests fit into CI/CD pipelines."
15-1253.00,Software Quality Assurance Analysts and Testers,14646,"Participate in product design reviews to provide input on functional requirements, product designs, schedules, or potential problems.",4.03,20,45,15,5,5,5,5,"Participating in design reviews is primarily about synthesizing functional requirements, design specs, and schedules to identify potential problems (Interpretation), supported by domain knowledge of QA principles, with minor process influence as a gating voice in the review workflow."
15-1253.00,Software Quality Assurance Analysts and Testers,14645,Plan test schedules or strategies in accordance with project scope or delivery dates.,4.0,15,30,40,0,5,5,5,"Planning test schedules and strategies is primarily about controlling the QA workflow (P) and synthesizing project scope/constraints into a coherent test plan (I), with domain knowledge of testing approaches supporting both."
15-1253.00,Software Quality Assurance Analysts and Testers,14654,Monitor program performance to ensure efficient and problem-free operations.,3.97,15,25,30,5,5,15,5,"Monitoring program performance centers on controlling the observability/alerting workflow (P), interpreting metrics and logs to distinguish normal from problematic behavior (I), with supporting technical skill in tooling and domain knowledge of system behavior patterns."
15-1253.00,Software Quality Assurance Analysts and Testers,14655,"Conduct software compatibility tests with programs, hardware, operating systems, or network environments.",3.88,20,15,20,5,5,30,5,"Compatibility testing is dominated by hands-on technical execution (setting up environments, running tests, debugging failures), process control (managing test suites and environments), and knowledge of platforms/dependencies, with moderate interpretation in diagnosing cross-environment issues."
15-1253.00,Software Quality Assurance Analysts and Testers,14651,Investigate customer problems referred by technical support.,3.81,15,35,15,5,5,20,5,"Investigating customer-reported problems requires heavy interpretation (synthesizing vague customer complaints, logs, and system behavior into a diagnosis), meaningful technical skill (reproducing bugs, tracing code paths, debugging), and process control (triaging and managing investigation workflow), with background knowledge of the software domain."
15-1253.00,Software Quality Assurance Analysts and Testers,14647,"Review software documentation to ensure technical accuracy, compliance, or completeness, or to mitigate risks.",3.71,20,45,15,0,5,10,5,"Reviewing documentation for accuracy, compliance, and completeness is primarily an interpretive task—synthesizing technical content against standards and requirements—supported by domain knowledge and light process control over the review workflow."
15-1253.00,Software Quality Assurance Analysts and Testers,14658,"Identify program deviance from standards, and suggest modifications to ensure compliance.",3.7,30,40,15,0,5,10,0,"This task is dominated by Interpretation (judging where code/behavior deviates from standards and synthesizing remediation suggestions) and Knowledge (knowing the relevant standards and quality criteria), with Process reflecting the structured QA workflow and minor Technical execution in examining code/behavior."
15-1253.00,Software Quality Assurance Analysts and Testers,14661,"Perform initial debugging procedures by reviewing configuration files, logs, or code pieces to determine breakdown source.",3.66,15,30,10,0,0,40,5,"Initial debugging is dominated by hands-on technical skill (navigating logs, configs, code) and interpretive synthesis (correlating multiple sources to locate a breakdown), with supporting domain knowledge of system architecture and error patterns."
15-1253.00,Software Quality Assurance Analysts and Testers,14659,Design or develop automated testing tools.,3.6,15,20,10,0,5,45,5,"Designing and developing automated testing tools is dominated by hands-on coding and technical execution (T), with meaningful interpretation required to translate testing requirements into tool architecture and logic (I), and supporting domain knowledge of testing frameworks and software systems (K)."
15-1253.00,Software Quality Assurance Analysts and Testers,14656,Install and configure recreations of software production environments to allow testing of software performance.,3.45,15,10,20,0,5,45,5,"This task is dominated by hands-on technical execution (installing, configuring, and deploying environment infrastructure) with significant process control (managing the recreation pipeline/workflow) and supporting domain knowledge of production stack configurations."
15-1253.00,Software Quality Assurance Analysts and Testers,14657,Collaborate with field staff or customers to evaluate or diagnose problems and recommend possible solutions.,3.34,20,40,10,5,5,10,10,"This task centers on diagnosing ambiguous problems and synthesizing solutions (Interpretation), drawing on QA domain knowledge (Knowledge), with moderate relational trust and technical debugging skill required to credibly engage with field staff and customers."
15-1253.00,Software Quality Assurance Analysts and Testers,14660,Coordinate user or third-party testing.,3.34,10,15,45,10,5,5,10,"Coordinating user or third-party testing is primarily about controlling the workflow—scheduling, organizing, and managing the testing process—with secondary emphasis on interpreting requirements and bridging stakeholders, and minor contributions from domain knowledge, access to test participants, and relational accountability."
15-1253.00,Software Quality Assurance Analysts and Testers,14662,Visit beta testing sites to evaluate software performance.,3.33,15,30,20,15,5,10,5,"Beta site visits primarily require interpreting real-world software performance against expected behavior, controlling the evaluation process/workflow, accessing live deployment environments, and applying domain knowledge to judge defects and edge cases."
15-1253.00,Software Quality Assurance Analysts and Testers,14664,Conduct historical analyses of test results.,3.29,15,45,25,0,5,10,0,"Historical analysis of test results centers on synthesizing patterns and drawing meaningful conclusions (Interpretation) from accumulated data, governed by structured analytical workflows (Process), with supporting domain knowledge about QA metrics and some technical skill in querying/manipulating test data."
15-1253.00,Software Quality Assurance Analysts and Testers,14663,Evaluate or recommend software for testing or bug tracking.,3.25,35,40,10,5,5,5,0,"Evaluating and recommending testing/bug-tracking software is primarily a judgment task (Interpretation) requiring synthesis of tool capabilities, team needs, and project context, grounded in substantive domain knowledge (Knowledge) of the QA tooling landscape."
15-1253.00,Software Quality Assurance Analysts and Testers,21680,"Modify existing software to correct errors, allow it to adapt to new hardware, or to improve its performance.",,15,20,10,0,5,45,5,"Modifying existing software to fix errors or improve performance is dominated by hands-on coding and debugging (Technical), with meaningful Interpretation needed to understand error causes and translate hardware/performance requirements into code changes, plus background Knowledge of software architecture and systems."
15-1253.00,Software Quality Assurance Analysts and Testers,21681,"Recommend purchase of equipment to control dust, temperature, or humidity in area of system installation.",,45,35,5,5,5,0,5,"This task is dominated by domain knowledge about environmental requirements for hardware/systems (temperature, humidity, dust tolerances) and interpretive judgment in diagnosing environmental conditions and matching them to appropriate equipment solutions."
15-1253.00,Software Quality Assurance Analysts and Testers,21682,"Store, retrieve, and manipulate data for analysis of system capabilities and requirements.",,10,20,25,5,5,30,5,"This task centers on the hands-on technical execution of data storage, retrieval, and manipulation (queries, scripts, data pipelines) combined with process control over how data flows into analysis, with interpretation needed to translate system capability requirements into appropriate data structures and queries."
15-1254.00,Web Developers,14707,Write supporting code for Web applications or Web sites.,4.58,15,20,5,0,5,50,5,"Writing supporting code (backend logic, APIs, utilities) for web applications is dominated by hands-on coding and debugging (Technical), with meaningful Interpretation in translating requirements into working implementations, and moderate Knowledge of languages, frameworks, and patterns."
15-1254.00,Web Developers,14694,"Design, build, or maintain Web sites, using authoring or scripting languages, content creation tools, management tools, and digital media.",4.42,15,20,10,0,5,45,5,"Building and maintaining websites centers on hands-on coding and deployment (T), with meaningful interpretation in translating requirements into architecture and implementation choices (I), supported by domain knowledge of languages and tools (K), and modest process control over the development workflow (P)."
15-1254.00,Web Developers,14698,Back up files from Web sites to local directories for instant recovery in case of problems.,4.35,10,5,35,5,5,35,5,"Backing up website files is primarily a procedural workflow task (setting up backup scripts, schedules, directory structures) combined with hands-on technical execution, with minimal interpretation or relational components."
15-1254.00,Web Developers,14711,"Select programming languages, design tools, or applications.",4.17,45,35,10,0,5,5,0,"Selecting programming languages and tools is primarily a knowledge-intensive judgment call (knowing the landscape of options, tradeoffs, and fit) combined with interpretive synthesis of project requirements against available tools, with minor process and credential weight."
15-1254.00,Web Developers,14700,"Evaluate code to ensure that it is valid, is properly structured, meets industry standards, and is compatible with browsers, devices, or operating systems.",4.09,25,20,15,0,5,35,0,"Code evaluation is primarily a technical task (running linters, validators, testing cross-browser/device compatibility) grounded in substantive knowledge of standards (HTML/CSS/JS specs, browser quirks), with meaningful interpretation in reconciling industry standards against actual code structure, and some process control over the review workflow."
15-1254.00,Web Developers,14704,Develop databases that support Web applications and Web sites.,4.05,20,15,10,0,5,45,5,"Developing databases for web applications is heavily weighted toward Technical execution (schema design, query optimization, hands-on implementation) and Knowledge of database systems, with some Interpretation needed to translate application requirements into database structures and modest Process for managing the development workflow."
15-1254.00,Web Developers,14710,"Perform Web site tests according to planned schedules, or after any Web site or product revision.",4.04,10,15,35,0,5,30,5,"Website testing is primarily a process-controlled workflow (scheduling, executing test plans, managing revision cycles) combined with technical execution (running tests, debugging failures, interpreting results), with modest interpretation needed to assess what constitutes a pass/fail and minor knowledge of testing standards."
15-1254.00,Web Developers,14695,Perform or direct Web site updates.,4.0,10,15,25,0,5,35,10,"Website updates are dominated by technical execution (coding, deploying changes) and process control (managing the update workflow/release pipeline), with moderate interpretation to translate requirements into implementation and some relational accountability for ongoing site health."
15-1254.00,Web Developers,14701,"Maintain understanding of current Web technologies or programming practices through continuing education, reading, or participation in professional conferences, workshops, or groups.",3.83,55,30,5,5,5,0,0,"This task is fundamentally about building and maintaining substantive knowledge of current web technologies, with significant interpretive effort in synthesizing and judging which trends, practices, and information sources are relevant and applicable."
15-1254.00,Web Developers,14702,Analyze user needs to determine technical requirements.,3.79,20,50,10,5,5,5,5,"Analyzing user needs to determine technical requirements is dominated by Interpretation (translating ambiguous user desires into concrete specs) and Knowledge (understanding what is technically feasible), with minor contributions from other channels."
15-1254.00,Web Developers,14723,Monitor security system performance logs to identify problems and notify security specialists when problems occur.,3.73,20,35,25,5,5,10,0,"This task centers on interpreting security log data to distinguish meaningful problems from noise, controlling a monitoring workflow/process, and applying domain knowledge of security systems — with modest technical skill in navigating log tools and minimal credential or relational components."
15-1254.00,Web Developers,14713,"Respond to user email inquiries, or set up automated systems to send responses.",3.67,5,15,30,5,0,35,10,"This task splits between Technical (coding automated email response systems) and Process (managing the workflow of inquiry handling), with moderate Interpretation (translating user needs into appropriate response logic) and minor Relational (ongoing accountability for communication quality)."
15-1254.00,Web Developers,14705,Renew domain name registrations.,3.67,5,5,40,20,0,15,15,"Domain renewal is primarily a routine administrative workflow task (navigating registrar portals, managing credentials, tracking expiry dates), with meaningful access rent from controlling login credentials and registrar relationships, minor technical execution, and some relational accountability for ensuring continuity of client web presence."
15-1254.00,Web Developers,14697,"Confer with management or development teams to prioritize needs, resolve conflicts, develop content criteria, or choose solutions.",3.59,10,40,25,0,5,5,15,"This conferral task centers on synthesizing competing needs and resolving ambiguity (Interpretation), managing the decision-making workflow (Process), and maintaining stakeholder accountability (Relational), with modest domain knowledge to inform trade-offs."
15-1254.00,Web Developers,14708,Communicate with network personnel or Web site hosting agencies to address hardware or software issues affecting Web sites.,3.57,20,25,15,20,0,10,10,"This communication/coordination task earns rent primarily through Interpretation (diagnosing and articulating technical issues across teams), Knowledge (understanding hardware/software interactions), and Access (knowing who to contact and navigating vendor/hosting relationships), with moderate Process control over the resolution workflow."
15-1254.00,Web Developers,14706,Collaborate with management or users to develop e-commerce strategies and to integrate these strategies with Web sites.,3.55,20,40,15,0,5,10,10,"This task centers on synthesizing business goals, user needs, and technical constraints into coherent e-commerce strategies (Interpretation), supported by domain knowledge of e-commerce and web technologies, with moderate process coordination and some relational accountability to management/users."
15-1254.00,Web Developers,14726,"Document test plans, testing procedures, or test results.",3.54,10,20,35,0,5,25,5,"Documenting test plans and results is primarily a process-control and technical writing task—structuring workflows, organizing test artifacts, and producing clear written records—with meaningful interpretation in synthesizing test outcomes into coherent documentation."
15-1254.00,Web Developers,14717,Establish appropriate server directory trees.,3.47,25,20,30,0,5,20,0,"Establishing server directory trees is primarily a process-control and workflow-organization task requiring knowledge of web server conventions (document roots, permissions, virtual hosts) and technical execution of the setup, with moderate interpretation to map project requirements to an appropriate structure."
15-1254.00,Web Developers,14719,Recommend and implement performance improvements.,3.39,20,30,10,0,0,35,5,"Recommending performance improvements requires interpreting profiling data and synthesizing diagnosis into actionable solutions (I), implementing them demands hands-on coding and deployment skill (T), and knowing which optimization techniques apply requires substantive domain knowledge (K), with minor process overhead for managing the improvement cycle."
15-1254.00,Web Developers,14728,"Document technical factors such as server load, bandwidth, database performance, and browser and device types.",3.35,35,25,20,5,5,10,0,"Documenting technical factors like server load and database performance draws primarily on substantive domain knowledge of these systems, interpretation to synthesize and structure findings meaningfully, and process control to establish and maintain documentation workflows, with modest technical execution in gathering and recording metrics."
15-1254.00,Web Developers,14714,Develop or implement procedures for ongoing Web site revision.,3.29,10,20,45,0,5,15,5,"Developing and implementing revision procedures is primarily about controlling and structuring a repeatable workflow (Process), with meaningful judgment in designing those procedures (Interpretation) and some technical skill in implementing them, while knowledge and relational factors play minor supporting roles."
15-1254.00,Web Developers,14724,"Create Web models or prototypes that include physical, interface, logical, or data models.",3.19,15,35,10,0,5,35,0,"Creating web models and prototypes requires heavy interpretation (translating requirements into physical, interface, logical, and data models) and technical execution (building the actual prototype artifacts), with supporting domain knowledge of modeling conventions and minor process overhead."
15-1254.00,Web Developers,14722,"Provide clear, detailed descriptions of Web site specifications, such as product features, activities, software, communication protocols, programming languages, and operating systems software and hardware.",3.18,30,45,10,0,5,5,5,"This task centers on synthesizing technical knowledge into clear specifications (Interpretation), drawing heavily on domain knowledge of web technologies, protocols, and languages (Knowledge), with minor process control over documentation workflows and light relational accountability to stakeholders."
15-1254.00,Web Developers,14725,Evaluate or recommend server hardware or software.,3.11,40,35,5,5,5,10,0,"Evaluating and recommending server hardware/software is primarily driven by substantive knowledge of server technologies and the interpretive judgment needed to synthesize options against specific requirements, with minor technical weight for hands-on assessment."
15-1254.00,Web Developers,14729,Install and configure hypertext transfer protocol (HTTP) servers and associated operating systems.,2.94,25,10,15,5,5,35,5,"Installing and configuring HTTP servers (e.g., Apache, Nginx) and operating systems is primarily a hands-on technical execution task requiring substantive knowledge of server software, networking, and OS configuration, with some process control over the deployment workflow."
15-1254.00,Web Developers,14727,"Research, document, rate, or select alternatives for Web architecture or technologies.",2.75,35,45,10,5,0,5,0,"Researching and selecting web architecture alternatives is dominated by synthesis and judgment (Interpretation) across competing options and trade-offs, backed by substantive domain knowledge of technologies, with minor process overhead for documenting and rating alternatives."
15-1254.00,Web Developers,14730,Develop system interaction or sequence diagrams.,2.73,15,40,15,0,5,25,0,"Developing system interaction/sequence diagrams is primarily an interpretive act—translating system requirements and architecture into structured visual specifications—combined with technical execution in diagramming tools or notation, plus domain knowledge of system design patterns."
15-1254.00,Web Developers,21683,"Design and implement Web site security measures, such as firewalls and message encryption.",,30,20,10,5,5,25,5,"Security design requires deep domain knowledge of threats, protocols, and cryptographic methods (K), judgment in selecting and configuring appropriate measures for the specific site context (I), and hands-on technical implementation of firewalls, encryption, and configurations (T), with minor process overhead for deployment pipelines."
15-1254.00,Web Developers,21684,"Incorporate technical considerations into Web site design plans, such as budgets, equipment, performance requirements, and legal issues including accessibility and privacy.",,30,45,10,0,5,5,5,"This task centers on synthesizing diverse technical constraints (budgets, performance, accessibility, privacy law) into coherent design plans, making Interpretation dominant, supported by substantive domain Knowledge of web standards and legal requirements, with minor process oversight and little hands-on coding."
